Weight (kg),Avg_BPM,Session_Duration (hours),Calories_Burned,Fat_Percentage,Workout_Frequency (days/week)
88.3,157,1.69,1313.0,12.6,4
68.1,122,1.11,677.0,33.4,4
53.2,164,0.59,532.0,28.8,3
46.1,158,0.64,556.0,29.2,3
70.3,169,1.49,1385.0,21.3,3
69.7,141,1.27,895.0,30.6,3
121.7,127,1.03,719.0,28.9,4
101.8,136,1.08,808.0,29.7,3
117.7,161,1.35,1195.0,26.4,3
42.5,131,1.13,740.0,26.2,2
43.8,165,1.19,884.0,31.9,3
66.8,146,1.13,742.0,32.8,3
89.0,127,1.5,1048.0,28.9,4
71.9,142,1.12,875.0,25.7,2
71.0,161,1.17,848.0,33.1,2
120.9,168,0.78,721.0,28.1,2
63.7,169,1.42,1080.0,26.1,3
53.9,135,1.48,989.0,21.6,4
65.4,127,1.03,654.0,28.0,4
58.9,157,1.04,816.0,31.7,2
59.3,155,1.26,879.0,33.4,4
96.9,145,1.34,1069.0,24.2,3
62.6,150,1.3,1072.0,27.6,4
45.5,163,1.31,1057.0,21.7,3
48.8,131,1.48,969.0,28.2,2
44.3,136,1.08,734.0,34.7,3
113.2,134,1.45,962.0,29.9,4
60.5,128,1.14,730.0,30.1,2
52.4,161,1.2,956.0,25.2,3
54.7,167,0.84,772.0,22.9,3
88.1,131,1.41,1016.0,22.7,2
59.7,151,1.23,836.0,34.3,3
79.7,144,1.03,742.0,26.7,4
51.0,158,1.42,1122.0,30.8,3
84.2,137,1.67,1133.0,12.8,5
122.1,134,1.13,750.0,27.4,3
96.7,151,1.26,1046.0,25.0,3
65.5,162,1.4,1021.0,31.2,3
50.3,154,1.08,832.0,32.2,3
61.0,153,1.67,1150.0,17.8,4
58.2,124,1.04,580.0,26.4,3
44.8,137,1.08,666.0,33.8,4
87.5,135,1.75,1299.0,12.9,5
51.8,127,1.23,773.0,21.3,3
64.4,144,1.97,1418.0,17.3,5
67.1,151,0.62,421.0,33.4,2
65.4,141,0.89,627.0,27.6,3
61.1,150,1.81,1358.0,18.6,4
64.0,129,1.73,1004.0,15.2,5
40.5,147,1.07,786.0,31.9,4
70.1,125,1.08,743.0,28.0,3
94.1,139,1.13,777.0,23.4,4
55.5,124,1.08,663.0,20.1,3
53.7,142,1.37,875.0,29.8,3
66.1,128,0.63,363.0,25.2,2
103.9,148,1.18,864.0,20.9,2
52.3,165,1.2,990.0,29.4,2
59.5,141,1.78,1129.0,16.4,5
72.9,127,0.86,546.0,30.8,3
76.7,139,1.08,751.0,25.6,2
72.1,133,1.13,744.0,21.4,3
54.8,158,1.27,1003.0,32.0,4
105.0,156,1.34,1150.0,21.4,3
55.0,169,1.45,1103.0,31.4,4
81.6,153,1.09,917.0,20.5,4
61.5,152,1.8,1231.0,15.5,4
74.0,150,1.26,936.0,25.7,3
102.6,153,1.25,1052.0,20.5,3
54.6,169,0.58,441.0,29.2,3
103.5,168,1.33,1106.0,24.6,3
59.4,142,1.15,735.0,33.1,4
77.7,126,1.16,804.0,29.6,3
41.2,144,1.49,1073.0,28.9,4
58.6,122,1.2,805.0,23.4,3
109.3,157,0.54,420.0,28.7,3
69.6,139,0.97,667.0,25.6,3
56.2,153,1.79,1369.0,17.6,5
71.7,168,0.51,424.0,27.3,2
86.0,163,1.74,1404.0,12.9,5
79.4,163,1.39,1020.0,26.6,3
78.4,149,1.01,677.0,31.7,4
61.7,129,1.41,819.0,33.1,4
85.5,154,1.78,1357.0,14.9,4
82.4,137,1.01,685.0,24.4,4
67.0,164,0.55,446.0,20.5,3
42.3,163,1.09,888.0,25.1,3
92.4,168,1.41,1303.0,21.3,2
63.2,155,1.02,790.0,29.5,4
82.7,142,1.22,858.0,28.2,4
86.6,151,1.29,1071.0,28.9,3
98.0,130,1.28,824.0,25.7,4
78.6,125,1.28,880.0,29.6,3
59.0,160,0.51,408.0,31.0,2
57.3,166,1.98,1479.0,17.8,4
122.3,153,0.66,500.0,20.1,3
85.3,155,1.61,1373.0,10.4,5
45.2,156,1.24,870.0,30.8,3
55.6,136,0.68,458.0,29.4,3
82.8,159,1.91,1503.0,14.3,5
58.5,131,1.42,837.0,30.3,4
86.1,140,1.17,811.0,27.9,2
63.5,159,1.31,1041.0,33.4,3
69.3,138,0.66,451.0,26.5,2
70.5,122,1.24,756.0,28.4,2
60.1,137,1.69,1042.0,17.3,4
79.2,166,1.26,1046.0,28.0,4
62.9,135,1.42,958.0,27.3,4
62.0,127,0.97,678.0,27.5,3
73.9,137,1.28,877.0,32.5,3
50.3,167,1.07,885.0,24.4,3
83.1,162,0.7,624.0,29.3,3
65.1,158,1.46,1038.0,31.3,3
46.6,168,1.46,1214.0,22.9,3
103.5,168,0.54,499.0,26.4,2
61.9,131,1.95,1150.0,16.4,4
52.0,164,1.32,1082.0,27.9,3
113.4,129,0.83,530.0,24.0,2
62.9,126,1.42,886.0,28.5,4
40.4,165,1.23,913.0,30.0,4
67.1,120,0.67,362.0,31.8,3
70.0,168,1.3,1201.0,23.9,2
107.9,140,1.08,832.0,29.5,3
109.0,156,1.49,1151.0,26.0,3
101.0,143,1.36,1070.0,29.3,3
88.5,144,1.57,1119.0,11.0,4
80.9,126,1.55,1074.0,10.7,4
59.1,136,1.58,967.0,18.4,5
54.0,148,1.14,844.0,26.9,3
72.3,149,1.27,852.0,27.7,2
51.1,126,0.92,574.0,28.0,2
89.4,152,1.08,813.0,24.5,3
51.5,126,1.09,680.0,26.7,4
87.9,143,1.52,1195.0,11.6,5
79.2,128,1.46,925.0,29.9,3
64.8,131,1.2,778.0,22.5,3
56.2,123,0.68,418.0,33.4,3
52.9,155,1.1,767.0,27.4,3
49.0,147,1.05,772.0,29.2,3
56.2,138,1.81,1249.0,17.3,5
87.8,161,1.28,1133.0,23.6,2
85.9,156,1.66,1424.0,12.9,4
51.1,158,1.44,1126.0,26.2,4
57.4,143,1.87,1337.0,18.3,5
57.1,131,1.09,707.0,29.5,4
68.1,153,1.1,926.0,25.4,4
69.2,126,1.23,852.0,27.2,3
65.2,130,1.23,800.0,30.6,3
108.6,150,1.33,988.0,28.5,2
40.0,148,1.03,686.0,34.3,3
68.3,150,1.45,979.0,29.4,4
71.9,134,1.26,929.0,21.3,4
75.6,130,1.03,663.0,28.1,4
71.6,158,1.49,1177.0,30.3,3
57.4,123,1.08,598.0,31.6,4
83.8,130,1.79,1280.0,11.0,4
55.9,148,1.95,1443.0,19.5,5
87.0,121,1.2,799.0,28.4,3
45.4,158,1.37,1071.0,24.1,4
87.1,132,1.71,1241.0,11.2,4
78.0,136,1.08,734.0,26.3,3
58.0,140,1.83,1153.0,18.4,4
71.3,163,1.28,1043.0,33.4,3
49.1,138,1.11,842.0,22.3,3
57.3,157,1.13,887.0,25.3,4
48.4,127,1.28,732.0,34.1,2
76.4,132,1.35,980.0,21.2,4
72.9,121,1.21,732.0,27.5,3
82.1,160,1.87,1481.0,14.2,4
96.7,125,1.46,903.0,25.7,3
81.4,145,1.8,1292.0,12.0,5
107.8,126,1.09,680.0,26.6,3
65.8,158,1.0,790.0,33.8,4
63.9,125,1.87,1169.0,16.4,4
76.3,162,1.16,1034.0,20.1,3
44.5,148,1.44,959.0,30.7,3
50.7,162,1.29,940.0,29.0,3
55.1,158,1.55,1224.0,16.9,4
73.7,121,1.36,815.0,21.8,4
55.6,138,1.2,820.0,24.3,4
86.9,123,1.13,688.0,29.8,3
60.3,125,1.6,900.0,16.5,4
102.6,147,0.82,597.0,27.5,2
110.8,149,1.31,1074.0,23.3,2
60.9,126,1.11,699.0,31.1,2
55.7,128,1.41,993.0,28.7,3
55.2,152,0.77,579.0,24.4,2
46.5,120,1.4,832.0,22.2,4
45.1,129,0.93,594.0,27.5,2
99.9,147,1.33,1075.0,20.9,3
75.9,152,1.39,1056.0,30.6,4
78.8,132,1.01,660.0,27.3,4
50.6,156,1.31,1012.0,23.8,2
82.5,139,1.69,1163.0,14.7,4
49.9,122,1.15,772.0,25.7,3
125.1,137,0.52,353.0,28.3,2
79.7,160,1.06,763.0,27.8,2
54.6,150,1.31,982.0,32.1,3
47.8,146,1.34,880.0,29.8,3
97.9,136,1.01,680.0,29.0,3
63.1,165,1.36,1010.0,34.8,3
72.4,148,1.07,713.0,29.0,3
58.9,155,1.52,1060.0,17.1,4
50.4,156,1.03,803.0,29.1,4
64.2,145,1.63,1182.0,16.6,5
45.9,144,0.92,662.0,29.8,3
56.3,141,1.52,964.0,16.5,5
90.0,124,0.81,497.0,22.9,2
60.0,123,1.97,1212.0,19.1,5
51.5,155,1.48,1136.0,20.9,2
63.1,125,1.54,962.0,19.0,4
91.5,140,0.8,616.0,26.7,2
48.7,132,1.39,1009.0,27.3,2
57.8,156,1.35,1053.0,29.3,3
42.0,144,0.83,598.0,31.8,3
74.2,158,1.47,1161.0,32.7,3
89.6,139,1.79,1232.0,12.2,5
125.9,152,1.36,1137.0,24.7,4
93.4,155,1.1,938.0,21.1,4
82.1,136,1.37,922.0,24.4,4
42.9,140,0.9,567.0,34.7,2
112.4,135,1.42,1054.0,23.2,2
70.3,139,1.4,876.0,26.1,3
59.1,148,1.07,792.0,31.3,3
93.0,143,1.03,729.0,27.3,3
87.4,122,0.77,465.0,23.2,2
72.3,121,1.46,874.0,21.1,3
81.4,141,1.14,796.0,30.0,4
55.1,137,1.43,970.0,20.5,3
59.0,141,1.67,1177.0,17.8,5
78.4,146,0.81,585.0,21.5,2
76.7,132,1.4,832.0,34.0,4
63.1,152,1.0,684.0,34.7,4
62.9,124,1.98,1105.0,20.0,4
85.6,145,1.84,1321.0,13.9,4
61.3,146,1.37,1100.0,23.5,3
55.4,122,1.85,1016.0,18.5,4
74.7,166,1.04,863.0,32.8,3
78.0,168,1.13,949.0,33.3,4
57.5,149,1.14,764.0,34.1,2
60.7,154,1.03,714.0,33.8,3
75.7,131,0.69,407.0,32.6,3
63.6,148,1.22,903.0,34.8,2
73.2,162,0.81,722.0,29.0,2
48.3,136,0.96,653.0,26.3,2
42.8,159,1.49,1066.0,25.3,3
88.1,168,1.35,1123.0,26.9,3
72.4,140,1.2,840.0,31.0,4
73.2,142,1.17,822.0,29.4,3
110.5,139,1.42,1086.0,22.3,2
46.1,130,1.44,842.0,25.8,3
90.8,153,1.07,810.0,22.6,4
59.3,129,1.7,1096.0,15.1,5
45.1,129,0.83,482.0,25.4,3
45.0,162,1.48,1187.0,29.1,3
89.4,125,1.43,885.0,23.5,3
70.9,143,1.31,927.0,20.2,3
62.3,162,1.99,1451.0,19.0,5
64.1,142,0.64,500.0,26.2,2
69.7,146,1.41,1029.0,32.5,3
53.0,156,1.13,881.0,28.1,4
72.7,125,0.84,525.0,29.8,3
76.5,120,0.67,442.0,23.2,3
113.6,125,1.38,949.0,28.4,2
95.2,141,0.64,496.0,26.6,2
51.7,160,0.9,792.0,21.4,3
105.3,143,0.57,448.0,26.9,3
71.2,144,1.37,888.0,34.1,3
78.1,134,0.92,555.0,31.1,3
50.6,145,1.21,877.0,30.6,3
70.2,127,0.7,440.0,29.6,3
62.6,143,1.93,1380.0,18.1,5
63.3,125,1.88,1175.0,18.5,4
68.6,154,1.33,1024.0,32.4,3
68.3,165,1.42,1289.0,29.9,2
47.8,155,1.19,830.0,26.0,4
74.3,157,1.43,1123.0,25.6,3
106.8,130,1.0,715.0,28.2,4
125.5,131,1.26,817.0,20.9,4
55.2,161,1.37,1103.0,31.7,4
71.4,169,1.25,1056.0,25.6,2
77.7,158,1.03,806.0,26.7,3
104.8,130,0.93,598.0,24.0,2
82.2,155,1.15,882.0,25.2,4
68.2,150,0.85,638.0,29.0,2
42.1,132,1.22,725.0,33.0,2
68.7,137,1.37,845.0,27.7,3
47.2,160,1.5,1200.0,32.2,4
92.0,143,0.73,574.0,22.1,3
56.2,128,1.09,767.0,22.5,4
82.9,160,1.9,1505.0,12.9,5
66.3,121,1.18,707.0,27.5,2
93.6,157,1.38,1192.0,22.1,3
64.1,134,1.93,1293.0,15.1,5
86.7,122,1.52,1020.0,13.9,4
62.0,162,1.23,996.0,33.2,4
58.1,150,1.9,1425.0,15.3,4
64.9,125,1.49,838.0,31.1,4
42.7,130,1.04,608.0,32.9,3
51.4,134,1.2,724.0,33.7,4
67.4,164,0.6,492.0,33.5,3
55.6,147,1.77,1301.0,18.9,4
125.3,129,1.0,639.0,22.7,3
102.1,157,1.48,1278.0,28.1,4
61.9,166,1.32,1205.0,25.3,3
108.8,169,1.4,1171.0,20.5,3
51.1,169,0.5,422.0,29.6,2
81.7,126,1.45,1005.0,29.4,2
42.7,134,0.73,440.0,33.9,2
81.8,137,1.59,1198.0,10.5,4
54.6,137,1.28,868.0,27.4,4
107.7,160,0.72,634.0,28.1,2
56.9,143,0.88,566.0,27.7,3
48.2,159,1.25,894.0,32.1,4
50.7,139,1.27,883.0,29.4,3
86.6,153,1.98,1500.0,10.6,4
96.3,162,1.35,1203.0,27.1,4
80.8,145,1.65,1316.0,14.6,5
58.0,126,1.84,1159.0,18.3,5
95.9,157,1.28,995.0,27.7,2
40.6,161,0.62,499.0,26.8,2
82.5,124,1.51,927.0,13.2,5
105.1,130,0.69,444.0,23.3,3
58.1,120,1.93,1042.0,19.3,5
64.5,120,1.74,940.0,17.2,4
58.2,138,1.43,1085.0,24.0,3
69.5,121,0.94,569.0,34.4,3
62.2,140,0.51,393.0,21.5,3
56.3,142,1.43,914.0,27.4,3
94.5,140,1.01,700.0,28.2,3
58.0,143,1.39,994.0,27.1,2
61.0,131,1.14,739.0,21.3,4
64.8,141,1.98,1396.0,18.6,5
80.9,137,1.8,1356.0,11.7,4
64.1,120,1.58,948.0,16.4,5
95.1,143,1.21,952.0,25.3,4
65.5,133,0.66,395.0,34.3,2
105.7,155,1.2,921.0,29.5,3
48.0,124,0.88,491.0,28.6,2
69.5,130,0.69,448.0,32.8,2
66.1,143,0.77,545.0,27.4,2
86.7,143,1.7,1203.0,12.1,4
125.9,132,1.35,882.0,28.5,3
88.1,143,1.88,1479.0,11.1,5
124.3,145,1.25,997.0,22.4,3
62.0,121,0.88,586.0,23.7,3
69.7,135,1.24,753.0,27.3,4
60.9,157,1.31,926.0,30.6,3
76.5,165,1.13,1025.0,21.3,2
94.7,120,1.47,873.0,23.2,3
67.9,168,1.25,1155.0,29.1,2
71.5,154,1.46,1012.0,32.5,4
98.6,162,0.83,740.0,21.1,2
68.2,148,1.17,779.0,27.5,3
73.0,158,1.31,931.0,28.9,3
59.4,161,1.62,1304.0,19.8,5
52.0,147,0.7,463.0,34.1,2
42.2,148,1.33,886.0,34.6,3
110.0,122,1.09,658.0,22.0,3
51.0,133,0.97,710.0,21.3,3
101.5,131,0.97,699.0,27.9,3
114.2,166,1.05,959.0,20.2,3
54.4,161,0.91,725.0,24.8,2
85.2,151,1.54,1151.0,13.7,5
83.6,151,1.66,1379.0,11.6,5
115.4,161,1.36,1084.0,28.3,4
78.1,145,1.1,718.0,32.9,4
54.2,120,1.07,642.0,34.9,4
77.6,161,1.27,920.0,31.8,4
85.5,136,1.7,1144.0,10.1,5
102.5,158,0.84,730.0,21.1,2
82.3,146,1.29,932.0,28.4,4
60.2,141,1.22,946.0,25.2,3
46.6,165,1.38,1025.0,30.6,2
68.7,168,1.08,907.0,29.8,4
60.6,120,1.3,780.0,32.9,3
46.6,139,0.61,382.0,28.1,2
65.5,138,1.48,1011.0,26.2,4
89.1,159,1.44,1133.0,24.0,3
65.9,164,0.81,731.0,28.8,2
55.6,123,0.97,597.0,29.2,2
63.7,128,1.37,868.0,24.0,2
59.2,141,1.85,1304.0,17.8,4
85.4,137,1.98,1492.0,13.5,5
60.0,161,0.85,684.0,28.1,2
74.8,162,1.28,933.0,32.8,4
90.3,158,1.38,1199.0,23.7,4
73.7,125,0.93,639.0,26.7,2
78.3,167,1.29,1066.0,29.0,3
48.2,166,1.1,913.0,26.1,2
59.0,124,0.9,558.0,33.7,3
98.4,135,0.52,386.0,21.3,2
106.5,156,1.29,1107.0,25.7,4
88.4,158,1.68,1314.0,12.4,4
88.4,138,1.74,1321.0,12.5,5
53.3,156,1.37,962.0,32.2,3
58.1,136,0.61,415.0,34.4,2
74.2,145,1.15,834.0,25.9,4
78.0,127,0.72,453.0,28.1,3
89.0,152,1.77,1332.0,10.5,5
42.7,121,1.46,883.0,34.9,3
78.7,166,1.45,1204.0,31.5,3
65.9,139,1.27,794.0,27.0,4
76.9,137,1.13,851.0,22.4,4
62.4,129,1.1,710.0,34.1,3
54.9,123,1.48,910.0,27.0,3
76.4,156,1.17,1004.0,21.3,3
106.4,123,1.34,907.0,20.6,2
68.4,132,1.37,904.0,33.7,4
63.5,144,1.36,969.0,22.9,4
59.4,132,1.25,825.0,25.0,3
70.7,121,1.17,637.0,34.9,3
111.5,167,1.02,937.0,25.2,2
72.1,152,1.4,958.0,27.0,2
56.9,138,0.61,463.0,23.3,3
86.2,128,1.91,1345.0,11.7,5
59.4,147,1.16,844.0,20.2,4
75.6,154,0.97,672.0,26.4,3
76.3,158,1.08,768.0,32.0,3
120.6,120,1.04,686.0,22.3,3
65.3,161,1.42,1143.0,28.5,3
85.3,140,0.77,593.0,27.6,2
68.0,128,0.67,472.0,25.8,2
76.3,154,1.14,878.0,31.8,3
61.0,124,0.54,331.0,20.0,3
114.9,141,1.36,949.0,21.1,3
67.7,142,1.45,927.0,32.7,2
124.8,126,1.35,842.0,24.4,4
53.0,142,1.26,895.0,34.5,4
61.2,163,1.03,831.0,24.7,3
48.7,144,1.23,886.0,33.7,3
50.6,146,1.29,848.0,33.1,2
70.4,125,1.03,644.0,34.3,4
52.5,153,1.08,818.0,29.0,4
55.3,152,1.56,1186.0,15.5,4
49.7,125,1.38,776.0,31.9,4
120.5,153,1.01,850.0,29.3,3
121.6,160,1.24,1091.0,28.0,4
73.0,148,1.14,759.0,26.6,4
57.5,133,1.76,1053.0,16.2,5
42.7,155,1.41,983.0,28.4,4
108.6,134,0.89,656.0,25.8,2
88.6,127,1.83,1150.0,14.9,4
56.4,155,1.06,822.0,29.2,3
46.9,167,1.03,946.0,20.0,4
71.3,140,1.46,1022.0,28.1,4
71.6,147,1.14,830.0,25.3,3
82.3,123,1.87,1139.0,11.6,5
73.5,131,0.54,354.0,27.5,2
85.6,135,1.78,1322.0,14.5,5
74.6,159,1.03,737.0,26.0,4
63.2,157,0.59,463.0,25.5,2
87.1,156,1.81,1398.0,11.6,5
64.3,137,1.71,1171.0,18.7,4
63.0,161,1.42,1257.0,26.8,4
88.0,137,1.75,1319.0,13.3,5
63.7,120,1.19,714.0,25.4,4
77.7,120,0.55,330.0,33.0,2
87.5,134,1.19,789.0,27.2,4
87.0,123,1.52,1028.0,11.0,4
47.2,142,0.89,632.0,26.0,2
58.2,160,0.95,684.0,26.8,3
55.2,165,1.67,1240.0,16.6,5
73.5,152,1.18,807.0,30.0,4
89.6,153,1.7,1287.0,12.4,5
86.5,158,1.48,1158.0,29.0,3
46.1,129,1.28,743.0,25.3,4
54.2,132,1.13,746.0,31.0,3
47.7,120,1.15,759.0,24.8,3
52.2,124,1.38,847.0,28.2,4
88.8,135,1.58,1173.0,10.3,5
101.0,134,1.46,1076.0,28.2,4
118.4,168,1.06,881.0,24.9,3
47.9,147,1.41,933.0,26.3,3
51.5,150,1.08,810.0,33.9,3
79.9,142,0.75,479.0,31.5,3
121.3,167,0.72,661.0,21.6,2
78.9,164,1.28,1050.0,25.3,4
73.5,136,0.52,350.0,26.1,3
88.5,153,1.8,1515.0,11.1,4
43.4,132,0.51,303.0,25.3,3
42.8,133,1.47,978.0,32.2,3
64.5,130,1.17,753.0,28.1,4
50.7,147,1.29,948.0,33.0,3
59.2,161,1.3,1151.0,21.3,3
78.9,151,1.38,938.0,34.0,2
78.7,154,1.1,847.0,31.7,3
68.7,150,1.31,1081.0,29.0,4
53.1,136,0.82,502.0,29.5,2
64.8,166,1.1,904.0,24.4,3
102.3,129,1.34,856.0,20.9,4
56.5,140,1.88,1184.0,19.2,5
74.6,132,0.71,422.0,33.3,2
52.1,124,1.5,837.0,32.0,2
72.2,125,0.97,606.0,27.1,2
85.8,149,1.72,1410.0,10.1,4
81.4,150,1.6,1320.0,12.4,4
50.9,136,1.45,887.0,30.1,2
52.0,130,1.38,987.0,22.4,4
71.0,139,1.42,1086.0,21.2,4
80.6,167,1.51,1248.0,12.9,4
58.3,128,1.0,640.0,32.6,3
63.0,121,1.32,719.0,34.9,3
111.0,156,1.02,875.0,27.6,4
52.6,120,1.27,762.0,32.9,3
116.4,123,1.13,688.0,26.2,3
75.6,155,1.41,983.0,34.9,4
61.6,144,1.48,1172.0,26.4,2
108.0,122,1.38,926.0,28.6,4
59.3,128,0.99,634.0,34.5,3
75.7,141,1.18,915.0,29.3,4
56.3,142,1.21,859.0,28.8,4
58.2,131,1.17,766.0,25.8,3
55.7,129,1.13,802.0,21.7,3
76.6,141,1.14,796.0,25.4,4
81.4,125,1.98,1225.0,13.6,5
60.7,169,1.14,954.0,22.1,2
57.2,121,1.67,909.0,18.4,5
73.0,149,1.19,798.0,32.0,3
93.6,151,1.37,1024.0,29.0,2
76.8,161,1.24,988.0,21.1,3
71.8,120,1.2,720.0,26.3,4
66.9,127,1.07,679.0,30.7,3
40.0,132,0.8,475.0,26.7,3
70.0,163,0.85,693.0,31.1,3
84.0,127,1.45,1013.0,25.8,3
43.8,129,1.29,749.0,26.6,4
57.9,124,1.8,1116.0,15.1,5
84.8,138,1.35,1025.0,28.8,4
109.6,166,1.29,1060.0,20.5,3
86.4,157,1.0,777.0,27.3,3
70.8,162,0.54,394.0,26.0,3
55.3,139,1.71,1188.0,19.8,5
73.9,140,1.36,942.0,28.3,3
49.3,129,1.36,868.0,28.3,2
91.8,153,1.44,1091.0,23.5,3
47.1,149,1.26,929.0,24.7,3
65.2,128,0.58,408.0,25.3,2
96.7,150,0.57,423.0,28.4,3
46.9,161,1.02,821.0,28.6,3
62.5,125,1.61,906.0,18.1,4
110.7,133,1.06,775.0,27.0,3
64.3,145,1.76,1276.0,19.8,5
80.7,166,1.75,1598.0,14.3,4
115.3,167,1.36,1249.0,24.5,2
74.3,136,1.06,714.0,24.8,4
78.5,138,1.36,938.0,31.9,4
77.3,168,0.97,733.0,31.1,2
64.5,125,0.51,319.0,30.4,2
72.0,148,1.17,952.0,24.7,3
77.9,130,1.41,916.0,27.9,4
69.6,135,1.49,1006.0,27.8,3
68.9,149,1.16,951.0,25.0,4
45.9,144,1.45,1148.0,21.6,3
53.6,126,1.02,643.0,30.9,2
57.7,145,1.36,986.0,25.7,3
64.4,144,1.52,985.0,17.8,5
50.3,150,0.63,468.0,27.0,3
83.0,160,0.79,695.0,29.6,2
66.5,142,1.11,709.0,34.7,3
70.2,166,0.93,695.0,32.5,3
121.9,132,1.49,1082.0,21.8,3
70.3,144,1.19,857.0,25.6,4
79.2,135,1.47,982.0,22.8,3
75.8,128,1.46,841.0,33.1,3
71.7,147,0.55,445.0,23.7,2
47.4,154,0.76,585.0,33.5,3
57.2,160,1.29,1032.0,33.5,3
44.8,132,1.48,977.0,28.6,4
84.9,140,1.79,1378.0,14.3,4
53.8,160,1.03,742.0,30.2,4
86.6,167,1.66,1372.0,11.7,5
72.8,121,1.37,829.0,35.0,2
56.0,151,0.89,672.0,32.6,2
45.9,159,1.29,1015.0,29.6,3
88.0,147,1.9,1536.0,14.4,4
44.7,160,1.34,965.0,26.7,3
63.2,120,0.66,436.0,27.5,3
95.6,160,1.47,1294.0,23.8,4
47.8,129,1.01,645.0,24.7,3
85.3,123,1.77,1197.0,13.2,4
59.7,154,1.35,1143.0,29.1,4
70.2,129,0.71,504.0,24.2,2
72.7,166,0.79,590.0,32.8,3
50.4,130,0.74,433.0,27.7,2
81.7,133,0.91,666.0,27.0,2
49.3,157,0.56,484.0,20.0,2
61.9,131,1.93,1138.0,19.4,4
49.1,164,1.42,1164.0,25.3,4
66.5,136,1.11,747.0,27.1,3
75.5,135,0.6,446.0,20.5,2
74.8,121,1.33,885.0,25.0,3
72.2,130,0.87,566.0,29.2,3
62.8,160,1.41,1241.0,21.9,4
84.7,122,1.19,719.0,23.3,3
116.5,148,0.53,388.0,27.3,2
77.4,137,1.39,1047.0,26.7,3
72.9,139,1.17,732.0,25.7,4
58.4,166,1.08,807.0,32.5,2
64.3,133,1.67,999.0,15.3,4
89.3,153,1.62,1363.0,12.7,5
90.2,168,1.38,1148.0,22.6,3
59.0,150,1.13,847.0,30.9,4
58.7,159,1.09,858.0,22.6,3
127.5,161,1.26,1116.0,29.8,3
68.6,137,1.42,875.0,28.1,4
56.7,149,1.07,717.0,27.4,3
64.5,144,1.33,958.0,27.8,4
61.6,138,1.78,1228.0,19.5,4
75.1,127,1.23,859.0,26.4,4
79.3,147,1.22,888.0,27.3,2
72.6,127,1.19,756.0,34.2,3
56.5,122,0.74,406.0,27.0,2
100.9,163,1.1,986.0,28.4,2
55.8,141,1.12,711.0,27.0,4
58.3,136,1.35,1010.0,27.4,4
48.6,155,1.47,1128.0,26.9,2
81.7,136,1.94,1451.0,13.8,4
85.6,133,1.76,1159.0,12.7,5
60.0,128,1.63,1043.0,18.2,5
75.4,140,1.05,662.0,26.0,4
64.2,131,1.69,996.0,16.5,4
65.2,156,1.37,1069.0,31.1,3
70.1,151,0.99,673.0,34.6,2
61.6,166,1.22,911.0,25.5,4
81.7,165,1.32,1198.0,29.1,4
76.6,130,0.74,481.0,32.2,2
116.8,127,1.0,698.0,26.8,4
93.7,146,1.0,803.0,27.8,2
41.6,163,1.03,756.0,26.6,4
55.1,159,1.99,1582.0,17.0,5
69.1,166,1.34,1001.0,26.1,4
66.8,149,1.34,898.0,29.2,3
125.5,163,1.15,1031.0,23.2,4
96.3,146,1.1,795.0,27.6,3
67.5,140,0.72,454.0,25.2,3
52.3,130,0.74,433.0,33.0,3
56.7,132,1.38,911.0,34.0,4
70.3,123,1.01,621.0,33.7,2
80.8,131,1.7,1102.0,11.4,4
56.0,128,1.94,1242.0,16.7,5
101.2,132,1.3,944.0,24.3,2
40.9,145,0.82,594.0,25.2,3
49.3,161,1.28,927.0,30.5,2
64.3,132,1.87,1234.0,18.0,5
49.3,158,1.18,1025.0,29.3,3
63.0,147,0.68,500.0,31.7,2
41.1,138,1.03,711.0,31.9,3
60.9,168,1.59,1336.0,16.8,5
64.7,132,1.88,1117.0,19.8,4
57.7,147,1.65,1213.0,19.4,4
76.9,121,1.49,992.0,24.5,4
80.5,129,1.85,1181.0,14.3,4
73.3,141,1.03,726.0,25.5,3
49.0,132,1.33,878.0,26.5,3
114.5,128,1.03,725.0,24.1,3
81.0,152,1.58,1189.0,12.4,5
53.5,133,1.22,811.0,27.6,4
52.1,167,0.77,637.0,23.6,3
73.4,151,1.09,815.0,27.9,3
90.0,152,1.32,1104.0,26.6,4
85.7,136,1.72,1287.0,10.5,5
70.4,143,0.73,470.0,29.9,2
57.7,149,1.15,942.0,27.0,3
75.7,132,0.68,494.0,25.3,3
61.8,166,1.83,1519.0,17.0,5
80.3,167,1.63,1497.0,13.1,5
104.3,135,1.28,950.0,29.7,3
65.7,121,1.46,883.0,25.9,3
120.3,136,0.66,494.0,23.9,2
59.1,162,1.65,1336.0,17.9,5
66.9,127,1.38,876.0,26.5,4
66.9,122,0.94,573.0,26.8,2
78.7,131,1.42,921.0,22.9,3
62.4,139,1.88,1307.0,19.8,4
58.3,135,1.32,980.0,28.2,4
101.1,162,0.79,634.0,28.6,2
118.6,168,0.77,640.0,25.9,3
84.8,152,1.19,895.0,23.4,2
73.1,131,1.05,681.0,28.0,4
77.4,137,1.26,863.0,26.2,4
72.9,147,1.13,831.0,34.7,3
71.2,142,1.15,816.0,34.6,2
88.2,133,1.56,1027.0,11.8,4
75.6,149,1.31,976.0,25.7,4
55.7,126,1.13,705.0,23.6,3
102.3,134,0.89,656.0,22.9,3
63.8,165,0.95,784.0,31.6,2
67.3,157,0.61,479.0,29.2,3
59.3,165,1.97,1463.0,19.8,4
70.7,163,1.14,836.0,31.8,3
86.9,130,1.72,1230.0,14.0,4
63.6,150,1.3,965.0,20.8,4
107.4,138,1.34,1017.0,22.0,2
59.1,121,0.85,514.0,34.5,2
53.3,141,0.57,402.0,29.4,3
46.2,139,1.18,812.0,21.7,2
67.0,152,1.32,1104.0,22.0,3
85.5,144,1.99,1418.0,15.0,5
75.6,153,1.05,723.0,31.6,3
62.6,142,1.2,852.0,27.9,3
55.7,124,1.91,1066.0,16.1,5
96.1,144,1.21,862.0,21.6,3
76.7,127,1.39,883.0,28.1,4
57.2,135,1.14,762.0,21.1,2
69.9,167,1.2,992.0,20.2,4
67.9,164,1.03,760.0,33.0,3
87.9,134,1.96,1445.0,10.7,5
102.8,120,1.24,818.0,27.8,3
57.7,122,1.83,1005.0,17.7,4
66.5,157,0.81,636.0,28.1,3
95.4,133,1.16,764.0,21.5,4
69.2,155,1.17,907.0,32.4,3
66.6,137,1.02,699.0,31.0,4
43.8,160,1.39,1001.0,25.1,2
64.2,137,1.99,1227.0,19.6,5
44.1,122,0.58,354.0,25.7,2
55.0,168,1.12,1035.0,24.0,4
87.1,158,1.57,1364.0,10.0,4
66.6,166,1.38,1260.0,25.0,2
60.4,120,1.72,929.0,18.8,5
88.7,146,0.75,542.0,28.8,2
